seed,feature,importance
0,NumDots,0.72276646
0,SubdomainLevel,0.42643836
0,PathLevel,1.0081438
0,UrlLength,0.32895908
0,NumDash,0.860545
0,NumDashInHostname,0.31253818
0,AtSymbol,0.004259171
0,TildeSymbol,0.003426402
0,NumUnderscore,0.23758592
0,NumPercent,0.06976166
0,NumAmpersand,0.08653479
0,NumHash,3.4152203e-05
0,NumNumericChars,0.88198256
0,NoHttps,0.11269025
0,RandomString,0.07193028
0,IpAddress,0.019324059
0,DomainInSubdomains,0.025853198
0,DomainInPaths,0.04271016
0,HostnameLength,0.2635803
0,PathLength,0.3102981
0,QueryLength,0.38114372
0,DoubleSlashInPath,4.3955355e-05
0,NumSensitiveWords,0.36043507
0,EmbeddedBrandName,0.02422125
0,PctExtHyperlinks,2.093315
0,PctExtResourceUrls,1.081761
0,ExtFavicon,0.39959124
0,InsecureForms,1.0031859
0,RelativeFormAction,0.15028171
0,ExtFormAction,0.048352942
0,AbnormalFormAction,0.036042407
0,PctNullSelfRedirectHyperlinks,1.2235911
0,FrequentDomainNameMismatch,0.96069944
0,FakeLinkInStatusBar,0.0024062148
0,RightClickDisabled,0.002123233
0,PopUpWindow,0.0010618333
0,SubmitInfoToEmail,0.35835323
0,IframeOrFrame,0.23843305
0,MissingTitle,0.098096006
0,ImagesOnlyInForm,0.039366208
0,SubdomainLevelRT,0.034195166
0,UrlLengthRT,0.00683272
0,PctExtResourceUrlsRT,0.12191637
0,AbnormalExtFormActionR,0.090254046
0,ExtMetaScriptLinkRT,0.3959117
0,PctExtNullSelfRedirectHyperlinksRT,1.394405
1,NumDots,0.72276646
1,SubdomainLevel,0.42643836
1,PathLevel,1.0081438
1,UrlLength,0.32895908
1,NumDash,0.860545
1,NumDashInHostname,0.31253818
1,AtSymbol,0.004259171
1,TildeSymbol,0.003426402
1,NumUnderscore,0.23758592
1,NumPercent,0.06976166
1,NumAmpersand,0.08653479
1,NumHash,3.4152203e-05
1,NumNumericChars,0.88198256
1,NoHttps,0.11269025
1,RandomString,0.07193028
1,IpAddress,0.019324059
1,DomainInSubdomains,0.025853198
1,DomainInPaths,0.04271016
1,HostnameLength,0.2635803
1,PathLength,0.3102981
1,QueryLength,0.38114372
1,DoubleSlashInPath,4.3955355e-05
1,NumSensitiveWords,0.36043507
1,EmbeddedBrandName,0.02422125
1,PctExtHyperlinks,2.093315
1,PctExtResourceUrls,1.081761
1,ExtFavicon,0.39959124
1,InsecureForms,1.0031859
1,RelativeFormAction,0.15028171
1,ExtFormAction,0.048352942
1,AbnormalFormAction,0.036042407
1,PctNullSelfRedirectHyperlinks,1.2235911
1,FrequentDomainNameMismatch,0.96069944
1,FakeLinkInStatusBar,0.0024062148
1,RightClickDisabled,0.002123233
1,PopUpWindow,0.0010618333
1,SubmitInfoToEmail,0.35835323
1,IframeOrFrame,0.23843305
1,MissingTitle,0.098096006
1,ImagesOnlyInForm,0.039366208
1,SubdomainLevelRT,0.034195166
1,UrlLengthRT,0.00683272
1,PctExtResourceUrlsRT,0.12191637
1,AbnormalExtFormActionR,0.090254046
1,ExtMetaScriptLinkRT,0.3959117
1,PctExtNullSelfRedirectHyperlinksRT,1.394405
2,NumDots,0.72276646
2,SubdomainLevel,0.42643836
2,PathLevel,1.0081438
2,UrlLength,0.32895908
2,NumDash,0.860545
2,NumDashInHostname,0.31253818
2,AtSymbol,0.004259171
2,TildeSymbol,0.003426402
2,NumUnderscore,0.23758592
2,NumPercent,0.06976166
2,NumAmpersand,0.08653479
2,NumHash,3.4152203e-05
2,NumNumericChars,0.88198256
2,NoHttps,0.11269025
2,RandomString,0.07193028
2,IpAddress,0.019324059
2,DomainInSubdomains,0.025853198
2,DomainInPaths,0.04271016
2,HostnameLength,0.2635803
2,PathLength,0.3102981
2,QueryLength,0.38114372
2,DoubleSlashInPath,4.3955355e-05
2,NumSensitiveWords,0.36043507
2,EmbeddedBrandName,0.02422125
2,PctExtHyperlinks,2.093315
2,PctExtResourceUrls,1.081761
2,ExtFavicon,0.39959124
2,InsecureForms,1.0031859
2,RelativeFormAction,0.15028171
2,ExtFormAction,0.048352942
2,AbnormalFormAction,0.036042407
2,PctNullSelfRedirectHyperlinks,1.2235911
2,FrequentDomainNameMismatch,0.96069944
2,FakeLinkInStatusBar,0.0024062148
2,RightClickDisabled,0.002123233
2,PopUpWindow,0.0010618333
2,SubmitInfoToEmail,0.35835323
2,IframeOrFrame,0.23843305
2,MissingTitle,0.098096006
2,ImagesOnlyInForm,0.039366208
2,SubdomainLevelRT,0.034195166
2,UrlLengthRT,0.00683272
2,PctExtResourceUrlsRT,0.12191637
2,AbnormalExtFormActionR,0.090254046
2,ExtMetaScriptLinkRT,0.3959117
2,PctExtNullSelfRedirectHyperlinksRT,1.394405
3,NumDots,0.72276646
3,SubdomainLevel,0.42643836
3,PathLevel,1.0081438
3,UrlLength,0.32895908
3,NumDash,0.860545
3,NumDashInHostname,0.31253818
3,AtSymbol,0.004259171
3,TildeSymbol,0.003426402
3,NumUnderscore,0.23758592
3,NumPercent,0.06976166
3,NumAmpersand,0.08653479
3,NumHash,3.4152203e-05
3,NumNumericChars,0.88198256
3,NoHttps,0.11269025
3,RandomString,0.07193028
3,IpAddress,0.019324059
3,DomainInSubdomains,0.025853198
3,DomainInPaths,0.04271016
3,HostnameLength,0.2635803
3,PathLength,0.3102981
3,QueryLength,0.38114372
3,DoubleSlashInPath,4.3955355e-05
3,NumSensitiveWords,0.36043507
3,EmbeddedBrandName,0.02422125
3,PctExtHyperlinks,2.093315
3,PctExtResourceUrls,1.081761
3,ExtFavicon,0.39959124
3,InsecureForms,1.0031859
3,RelativeFormAction,0.15028171
3,ExtFormAction,0.048352942
3,AbnormalFormAction,0.036042407
3,PctNullSelfRedirectHyperlinks,1.2235911
3,FrequentDomainNameMismatch,0.96069944
3,FakeLinkInStatusBar,0.0024062148
3,RightClickDisabled,0.002123233
3,PopUpWindow,0.0010618333
3,SubmitInfoToEmail,0.35835323
3,IframeOrFrame,0.23843305
3,MissingTitle,0.098096006
3,ImagesOnlyInForm,0.039366208
3,SubdomainLevelRT,0.034195166
3,UrlLengthRT,0.00683272
3,PctExtResourceUrlsRT,0.12191637
3,AbnormalExtFormActionR,0.090254046
3,ExtMetaScriptLinkRT,0.3959117
3,PctExtNullSelfRedirectHyperlinksRT,1.394405
4,NumDots,0.72276646
4,SubdomainLevel,0.42643836
4,PathLevel,1.0081438
4,UrlLength,0.32895908
4,NumDash,0.860545
4,NumDashInHostname,0.31253818
4,AtSymbol,0.004259171
4,TildeSymbol,0.003426402
4,NumUnderscore,0.23758592
4,NumPercent,0.06976166
4,NumAmpersand,0.08653479
4,NumHash,3.4152203e-05
4,NumNumericChars,0.88198256
4,NoHttps,0.11269025
4,RandomString,0.07193028
4,IpAddress,0.019324059
4,DomainInSubdomains,0.025853198
4,DomainInPaths,0.04271016
4,HostnameLength,0.2635803
4,PathLength,0.3102981
4,QueryLength,0.38114372
4,DoubleSlashInPath,4.3955355e-05
4,NumSensitiveWords,0.36043507
4,EmbeddedBrandName,0.02422125
4,PctExtHyperlinks,2.093315
4,PctExtResourceUrls,1.081761
4,ExtFavicon,0.39959124
4,InsecureForms,1.0031859
4,RelativeFormAction,0.15028171
4,ExtFormAction,0.048352942
4,AbnormalFormAction,0.036042407
4,PctNullSelfRedirectHyperlinks,1.2235911
4,FrequentDomainNameMismatch,0.96069944
4,FakeLinkInStatusBar,0.0024062148
4,RightClickDisabled,0.002123233
4,PopUpWindow,0.0010618333
4,SubmitInfoToEmail,0.35835323
4,IframeOrFrame,0.23843305
4,MissingTitle,0.098096006
4,ImagesOnlyInForm,0.039366208
4,SubdomainLevelRT,0.034195166
4,UrlLengthRT,0.00683272
4,PctExtResourceUrlsRT,0.12191637
4,AbnormalExtFormActionR,0.090254046
4,ExtMetaScriptLinkRT,0.3959117
4,PctExtNullSelfRedirectHyperlinksRT,1.394405
5,NumDots,0.72276646
5,SubdomainLevel,0.42643836
5,PathLevel,1.0081438
5,UrlLength,0.32895908
5,NumDash,0.860545
5,NumDashInHostname,0.31253818
5,AtSymbol,0.004259171
5,TildeSymbol,0.003426402
5,NumUnderscore,0.23758592
5,NumPercent,0.06976166
5,NumAmpersand,0.08653479
5,NumHash,3.4152203e-05
5,NumNumericChars,0.88198256
5,NoHttps,0.11269025
5,RandomString,0.07193028
5,IpAddress,0.019324059
5,DomainInSubdomains,0.025853198
5,DomainInPaths,0.04271016
5,HostnameLength,0.2635803
5,PathLength,0.3102981
5,QueryLength,0.38114372
5,DoubleSlashInPath,4.3955355e-05
5,NumSensitiveWords,0.36043507
5,EmbeddedBrandName,0.02422125
5,PctExtHyperlinks,2.093315
5,PctExtResourceUrls,1.081761
5,ExtFavicon,0.39959124
5,InsecureForms,1.0031859
5,RelativeFormAction,0.15028171
5,ExtFormAction,0.048352942
5,AbnormalFormAction,0.036042407
5,PctNullSelfRedirectHyperlinks,1.2235911
5,FrequentDomainNameMismatch,0.96069944
5,FakeLinkInStatusBar,0.0024062148
5,RightClickDisabled,0.002123233
5,PopUpWindow,0.0010618333
5,SubmitInfoToEmail,0.35835323
5,IframeOrFrame,0.23843305
5,MissingTitle,0.098096006
5,ImagesOnlyInForm,0.039366208
5,SubdomainLevelRT,0.034195166
5,UrlLengthRT,0.00683272
5,PctExtResourceUrlsRT,0.12191637
5,AbnormalExtFormActionR,0.090254046
5,ExtMetaScriptLinkRT,0.3959117
5,PctExtNullSelfRedirectHyperlinksRT,1.394405
6,NumDots,0.72276646
6,SubdomainLevel,0.42643836
6,PathLevel,1.0081438
6,UrlLength,0.32895908
6,NumDash,0.860545
6,NumDashInHostname,0.31253818
6,AtSymbol,0.004259171
6,TildeSymbol,0.003426402
6,NumUnderscore,0.23758592
6,NumPercent,0.06976166
6,NumAmpersand,0.08653479
6,NumHash,3.4152203e-05
6,NumNumericChars,0.88198256
6,NoHttps,0.11269025
6,RandomString,0.07193028
6,IpAddress,0.019324059
6,DomainInSubdomains,0.025853198
6,DomainInPaths,0.04271016
6,HostnameLength,0.2635803
6,PathLength,0.3102981
6,QueryLength,0.38114372
6,DoubleSlashInPath,4.3955355e-05
6,NumSensitiveWords,0.36043507
6,EmbeddedBrandName,0.02422125
6,PctExtHyperlinks,2.093315
6,PctExtResourceUrls,1.081761
6,ExtFavicon,0.39959124
6,InsecureForms,1.0031859
6,RelativeFormAction,0.15028171
6,ExtFormAction,0.048352942
6,AbnormalFormAction,0.036042407
6,PctNullSelfRedirectHyperlinks,1.2235911
6,FrequentDomainNameMismatch,0.96069944
6,FakeLinkInStatusBar,0.0024062148
6,RightClickDisabled,0.002123233
6,PopUpWindow,0.0010618333
6,SubmitInfoToEmail,0.35835323
6,IframeOrFrame,0.23843305
6,MissingTitle,0.098096006
6,ImagesOnlyInForm,0.039366208
6,SubdomainLevelRT,0.034195166
6,UrlLengthRT,0.00683272
6,PctExtResourceUrlsRT,0.12191637
6,AbnormalExtFormActionR,0.090254046
6,ExtMetaScriptLinkRT,0.3959117
6,PctExtNullSelfRedirectHyperlinksRT,1.394405
7,NumDots,0.72276646
7,SubdomainLevel,0.42643836
7,PathLevel,1.0081438
7,UrlLength,0.32895908
7,NumDash,0.860545
7,NumDashInHostname,0.31253818
7,AtSymbol,0.004259171
7,TildeSymbol,0.003426402
7,NumUnderscore,0.23758592
7,NumPercent,0.06976166
7,NumAmpersand,0.08653479
7,NumHash,3.4152203e-05
7,NumNumericChars,0.88198256
7,NoHttps,0.11269025
7,RandomString,0.07193028
7,IpAddress,0.019324059
7,DomainInSubdomains,0.025853198
7,DomainInPaths,0.04271016
7,HostnameLength,0.2635803
7,PathLength,0.3102981
7,QueryLength,0.38114372
7,DoubleSlashInPath,4.3955355e-05
7,NumSensitiveWords,0.36043507
7,EmbeddedBrandName,0.02422125
7,PctExtHyperlinks,2.093315
7,PctExtResourceUrls,1.081761
7,ExtFavicon,0.39959124
7,InsecureForms,1.0031859
7,RelativeFormAction,0.15028171
7,ExtFormAction,0.048352942
7,AbnormalFormAction,0.036042407
7,PctNullSelfRedirectHyperlinks,1.2235911
7,FrequentDomainNameMismatch,0.96069944
7,FakeLinkInStatusBar,0.0024062148
7,RightClickDisabled,0.002123233
7,PopUpWindow,0.0010618333
7,SubmitInfoToEmail,0.35835323
7,IframeOrFrame,0.23843305
7,MissingTitle,0.098096006
7,ImagesOnlyInForm,0.039366208
7,SubdomainLevelRT,0.034195166
7,UrlLengthRT,0.00683272
7,PctExtResourceUrlsRT,0.12191637
7,AbnormalExtFormActionR,0.090254046
7,ExtMetaScriptLinkRT,0.3959117
7,PctExtNullSelfRedirectHyperlinksRT,1.394405
8,NumDots,0.72276646
8,SubdomainLevel,0.42643836
8,PathLevel,1.0081438
8,UrlLength,0.32895908
8,NumDash,0.860545
8,NumDashInHostname,0.31253818
8,AtSymbol,0.004259171
8,TildeSymbol,0.003426402
8,NumUnderscore,0.23758592
8,NumPercent,0.06976166
8,NumAmpersand,0.08653479
8,NumHash,3.4152203e-05
8,NumNumericChars,0.88198256
8,NoHttps,0.11269025
8,RandomString,0.07193028
8,IpAddress,0.019324059
8,DomainInSubdomains,0.025853198
8,DomainInPaths,0.04271016
8,HostnameLength,0.2635803
8,PathLength,0.3102981
8,QueryLength,0.38114372
8,DoubleSlashInPath,4.3955355e-05
8,NumSensitiveWords,0.36043507
8,EmbeddedBrandName,0.02422125
8,PctExtHyperlinks,2.093315
8,PctExtResourceUrls,1.081761
8,ExtFavicon,0.39959124
8,InsecureForms,1.0031859
8,RelativeFormAction,0.15028171
8,ExtFormAction,0.048352942
8,AbnormalFormAction,0.036042407
8,PctNullSelfRedirectHyperlinks,1.2235911
8,FrequentDomainNameMismatch,0.96069944
8,FakeLinkInStatusBar,0.0024062148
8,RightClickDisabled,0.002123233
8,PopUpWindow,0.0010618333
8,SubmitInfoToEmail,0.35835323
8,IframeOrFrame,0.23843305
8,MissingTitle,0.098096006
8,ImagesOnlyInForm,0.039366208
8,SubdomainLevelRT,0.034195166
8,UrlLengthRT,0.00683272
8,PctExtResourceUrlsRT,0.12191637
8,AbnormalExtFormActionR,0.090254046
8,ExtMetaScriptLinkRT,0.3959117
8,PctExtNullSelfRedirectHyperlinksRT,1.394405
9,NumDots,0.72276646
9,SubdomainLevel,0.42643836
9,PathLevel,1.0081438
9,UrlLength,0.32895908
9,NumDash,0.860545
9,NumDashInHostname,0.31253818
9,AtSymbol,0.004259171
9,TildeSymbol,0.003426402
9,NumUnderscore,0.23758592
9,NumPercent,0.06976166
9,NumAmpersand,0.08653479
9,NumHash,3.4152203e-05
9,NumNumericChars,0.88198256
9,NoHttps,0.11269025
9,RandomString,0.07193028
9,IpAddress,0.019324059
9,DomainInSubdomains,0.025853198
9,DomainInPaths,0.04271016
9,HostnameLength,0.2635803
9,PathLength,0.3102981
9,QueryLength,0.38114372
9,DoubleSlashInPath,4.3955355e-05
9,NumSensitiveWords,0.36043507
9,EmbeddedBrandName,0.02422125
9,PctExtHyperlinks,2.093315
9,PctExtResourceUrls,1.081761
9,ExtFavicon,0.39959124
9,InsecureForms,1.0031859
9,RelativeFormAction,0.15028171
9,ExtFormAction,0.048352942
9,AbnormalFormAction,0.036042407
9,PctNullSelfRedirectHyperlinks,1.2235911
9,FrequentDomainNameMismatch,0.96069944
9,FakeLinkInStatusBar,0.0024062148
9,RightClickDisabled,0.002123233
9,PopUpWindow,0.0010618333
9,SubmitInfoToEmail,0.35835323
9,IframeOrFrame,0.23843305
9,MissingTitle,0.098096006
9,ImagesOnlyInForm,0.039366208
9,SubdomainLevelRT,0.034195166
9,UrlLengthRT,0.00683272
9,PctExtResourceUrlsRT,0.12191637
9,AbnormalExtFormActionR,0.090254046
9,ExtMetaScriptLinkRT,0.3959117
9,PctExtNullSelfRedirectHyperlinksRT,1.394405
10,NumDots,0.72276646
10,SubdomainLevel,0.42643836
10,PathLevel,1.0081438
10,UrlLength,0.32895908
10,NumDash,0.860545
10,NumDashInHostname,0.31253818
10,AtSymbol,0.004259171
10,TildeSymbol,0.003426402
10,NumUnderscore,0.23758592
10,NumPercent,0.06976166
10,NumAmpersand,0.08653479
10,NumHash,3.4152203e-05
10,NumNumericChars,0.88198256
10,NoHttps,0.11269025
10,RandomString,0.07193028
10,IpAddress,0.019324059
10,DomainInSubdomains,0.025853198
10,DomainInPaths,0.04271016
10,HostnameLength,0.2635803
10,PathLength,0.3102981
10,QueryLength,0.38114372
10,DoubleSlashInPath,4.3955355e-05
10,NumSensitiveWords,0.36043507
10,EmbeddedBrandName,0.02422125
10,PctExtHyperlinks,2.093315
10,PctExtResourceUrls,1.081761
10,ExtFavicon,0.39959124
10,InsecureForms,1.0031859
10,RelativeFormAction,0.15028171
10,ExtFormAction,0.048352942
10,AbnormalFormAction,0.036042407
10,PctNullSelfRedirectHyperlinks,1.2235911
10,FrequentDomainNameMismatch,0.96069944
10,FakeLinkInStatusBar,0.0024062148
10,RightClickDisabled,0.002123233
10,PopUpWindow,0.0010618333
10,SubmitInfoToEmail,0.35835323
10,IframeOrFrame,0.23843305
10,MissingTitle,0.098096006
10,ImagesOnlyInForm,0.039366208
10,SubdomainLevelRT,0.034195166
10,UrlLengthRT,0.00683272
10,PctExtResourceUrlsRT,0.12191637
10,AbnormalExtFormActionR,0.090254046
10,ExtMetaScriptLinkRT,0.3959117
10,PctExtNullSelfRedirectHyperlinksRT,1.394405
11,NumDots,0.72276646
11,SubdomainLevel,0.42643836
11,PathLevel,1.0081438
11,UrlLength,0.32895908
11,NumDash,0.860545
11,NumDashInHostname,0.31253818
11,AtSymbol,0.004259171
11,TildeSymbol,0.003426402
11,NumUnderscore,0.23758592
11,NumPercent,0.06976166
11,NumAmpersand,0.08653479
11,NumHash,3.4152203e-05
11,NumNumericChars,0.88198256
11,NoHttps,0.11269025
11,RandomString,0.07193028
11,IpAddress,0.019324059
11,DomainInSubdomains,0.025853198
11,DomainInPaths,0.04271016
11,HostnameLength,0.2635803
11,PathLength,0.3102981
11,QueryLength,0.38114372
11,DoubleSlashInPath,4.3955355e-05
11,NumSensitiveWords,0.36043507
11,EmbeddedBrandName,0.02422125
11,PctExtHyperlinks,2.093315
11,PctExtResourceUrls,1.081761
11,ExtFavicon,0.39959124
11,InsecureForms,1.0031859
11,RelativeFormAction,0.15028171
11,ExtFormAction,0.048352942
11,AbnormalFormAction,0.036042407
11,PctNullSelfRedirectHyperlinks,1.2235911
11,FrequentDomainNameMismatch,0.96069944
11,FakeLinkInStatusBar,0.0024062148
11,RightClickDisabled,0.002123233
11,PopUpWindow,0.0010618333
11,SubmitInfoToEmail,0.35835323
11,IframeOrFrame,0.23843305
11,MissingTitle,0.098096006
11,ImagesOnlyInForm,0.039366208
11,SubdomainLevelRT,0.034195166
11,UrlLengthRT,0.00683272
11,PctExtResourceUrlsRT,0.12191637
11,AbnormalExtFormActionR,0.090254046
11,ExtMetaScriptLinkRT,0.3959117
11,PctExtNullSelfRedirectHyperlinksRT,1.394405
12,NumDots,0.72276646
12,SubdomainLevel,0.42643836
12,PathLevel,1.0081438
12,UrlLength,0.32895908
12,NumDash,0.860545
12,NumDashInHostname,0.31253818
12,AtSymbol,0.004259171
12,TildeSymbol,0.003426402
12,NumUnderscore,0.23758592
12,NumPercent,0.06976166
12,NumAmpersand,0.08653479
12,NumHash,3.4152203e-05
12,NumNumericChars,0.88198256
12,NoHttps,0.11269025
12,RandomString,0.07193028
12,IpAddress,0.019324059
12,DomainInSubdomains,0.025853198
12,DomainInPaths,0.04271016
12,HostnameLength,0.2635803
12,PathLength,0.3102981
12,QueryLength,0.38114372
12,DoubleSlashInPath,4.3955355e-05
12,NumSensitiveWords,0.36043507
12,EmbeddedBrandName,0.02422125
12,PctExtHyperlinks,2.093315
12,PctExtResourceUrls,1.081761
12,ExtFavicon,0.39959124
12,InsecureForms,1.0031859
12,RelativeFormAction,0.15028171
12,ExtFormAction,0.048352942
12,AbnormalFormAction,0.036042407
12,PctNullSelfRedirectHyperlinks,1.2235911
12,FrequentDomainNameMismatch,0.96069944
12,FakeLinkInStatusBar,0.0024062148
12,RightClickDisabled,0.002123233
12,PopUpWindow,0.0010618333
12,SubmitInfoToEmail,0.35835323
12,IframeOrFrame,0.23843305
12,MissingTitle,0.098096006
12,ImagesOnlyInForm,0.039366208
12,SubdomainLevelRT,0.034195166
12,UrlLengthRT,0.00683272
12,PctExtResourceUrlsRT,0.12191637
12,AbnormalExtFormActionR,0.090254046
12,ExtMetaScriptLinkRT,0.3959117
12,PctExtNullSelfRedirectHyperlinksRT,1.394405
13,NumDots,0.72276646
13,SubdomainLevel,0.42643836
13,PathLevel,1.0081438
13,UrlLength,0.32895908
13,NumDash,0.860545
13,NumDashInHostname,0.31253818
13,AtSymbol,0.004259171
13,TildeSymbol,0.003426402
13,NumUnderscore,0.23758592
13,NumPercent,0.06976166
13,NumAmpersand,0.08653479
13,NumHash,3.4152203e-05
13,NumNumericChars,0.88198256
13,NoHttps,0.11269025
13,RandomString,0.07193028
13,IpAddress,0.019324059
13,DomainInSubdomains,0.025853198
13,DomainInPaths,0.04271016
13,HostnameLength,0.2635803
13,PathLength,0.3102981
13,QueryLength,0.38114372
13,DoubleSlashInPath,4.3955355e-05
13,NumSensitiveWords,0.36043507
13,EmbeddedBrandName,0.02422125
13,PctExtHyperlinks,2.093315
13,PctExtResourceUrls,1.081761
13,ExtFavicon,0.39959124
13,InsecureForms,1.0031859
13,RelativeFormAction,0.15028171
13,ExtFormAction,0.048352942
13,AbnormalFormAction,0.036042407
13,PctNullSelfRedirectHyperlinks,1.2235911
13,FrequentDomainNameMismatch,0.96069944
13,FakeLinkInStatusBar,0.0024062148
13,RightClickDisabled,0.002123233
13,PopUpWindow,0.0010618333
13,SubmitInfoToEmail,0.35835323
13,IframeOrFrame,0.23843305
13,MissingTitle,0.098096006
13,ImagesOnlyInForm,0.039366208
13,SubdomainLevelRT,0.034195166
13,UrlLengthRT,0.00683272
13,PctExtResourceUrlsRT,0.12191637
13,AbnormalExtFormActionR,0.090254046
13,ExtMetaScriptLinkRT,0.3959117
13,PctExtNullSelfRedirectHyperlinksRT,1.394405
14,NumDots,0.72276646
14,SubdomainLevel,0.42643836
14,PathLevel,1.0081438
14,UrlLength,0.32895908
14,NumDash,0.860545
14,NumDashInHostname,0.31253818
14,AtSymbol,0.004259171
14,TildeSymbol,0.003426402
14,NumUnderscore,0.23758592
14,NumPercent,0.06976166
14,NumAmpersand,0.08653479
14,NumHash,3.4152203e-05
14,NumNumericChars,0.88198256
14,NoHttps,0.11269025
14,RandomString,0.07193028
14,IpAddress,0.019324059
14,DomainInSubdomains,0.025853198
14,DomainInPaths,0.04271016
14,HostnameLength,0.2635803
14,PathLength,0.3102981
14,QueryLength,0.38114372
14,DoubleSlashInPath,4.3955355e-05
14,NumSensitiveWords,0.36043507
14,EmbeddedBrandName,0.02422125
14,PctExtHyperlinks,2.093315
14,PctExtResourceUrls,1.081761
14,ExtFavicon,0.39959124
14,InsecureForms,1.0031859
14,RelativeFormAction,0.15028171
14,ExtFormAction,0.048352942
14,AbnormalFormAction,0.036042407
14,PctNullSelfRedirectHyperlinks,1.2235911
14,FrequentDomainNameMismatch,0.96069944
14,FakeLinkInStatusBar,0.0024062148
14,RightClickDisabled,0.002123233
14,PopUpWindow,0.0010618333
14,SubmitInfoToEmail,0.35835323
14,IframeOrFrame,0.23843305
14,MissingTitle,0.098096006
14,ImagesOnlyInForm,0.039366208
14,SubdomainLevelRT,0.034195166
14,UrlLengthRT,0.00683272
14,PctExtResourceUrlsRT,0.12191637
14,AbnormalExtFormActionR,0.090254046
14,ExtMetaScriptLinkRT,0.3959117
14,PctExtNullSelfRedirectHyperlinksRT,1.394405
15,NumDots,0.72276646
15,SubdomainLevel,0.42643836
15,PathLevel,1.0081438
15,UrlLength,0.32895908
15,NumDash,0.860545
15,NumDashInHostname,0.31253818
15,AtSymbol,0.004259171
15,TildeSymbol,0.003426402
15,NumUnderscore,0.23758592
15,NumPercent,0.06976166
15,NumAmpersand,0.08653479
15,NumHash,3.4152203e-05
15,NumNumericChars,0.88198256
15,NoHttps,0.11269025
15,RandomString,0.07193028
15,IpAddress,0.019324059
15,DomainInSubdomains,0.025853198
15,DomainInPaths,0.04271016
15,HostnameLength,0.2635803
15,PathLength,0.3102981
15,QueryLength,0.38114372
15,DoubleSlashInPath,4.3955355e-05
15,NumSensitiveWords,0.36043507
15,EmbeddedBrandName,0.02422125
15,PctExtHyperlinks,2.093315
15,PctExtResourceUrls,1.081761
15,ExtFavicon,0.39959124
15,InsecureForms,1.0031859
15,RelativeFormAction,0.15028171
15,ExtFormAction,0.048352942
15,AbnormalFormAction,0.036042407
15,PctNullSelfRedirectHyperlinks,1.2235911
15,FrequentDomainNameMismatch,0.96069944
15,FakeLinkInStatusBar,0.0024062148
15,RightClickDisabled,0.002123233
15,PopUpWindow,0.0010618333
15,SubmitInfoToEmail,0.35835323
15,IframeOrFrame,0.23843305
15,MissingTitle,0.098096006
15,ImagesOnlyInForm,0.039366208
15,SubdomainLevelRT,0.034195166
15,UrlLengthRT,0.00683272
15,PctExtResourceUrlsRT,0.12191637
15,AbnormalExtFormActionR,0.090254046
15,ExtMetaScriptLinkRT,0.3959117
15,PctExtNullSelfRedirectHyperlinksRT,1.394405
16,NumDots,0.72276646
16,SubdomainLevel,0.42643836
16,PathLevel,1.0081438
16,UrlLength,0.32895908
16,NumDash,0.860545
16,NumDashInHostname,0.31253818
16,AtSymbol,0.004259171
16,TildeSymbol,0.003426402
16,NumUnderscore,0.23758592
16,NumPercent,0.06976166
16,NumAmpersand,0.08653479
16,NumHash,3.4152203e-05
16,NumNumericChars,0.88198256
16,NoHttps,0.11269025
16,RandomString,0.07193028
16,IpAddress,0.019324059
16,DomainInSubdomains,0.025853198
16,DomainInPaths,0.04271016
16,HostnameLength,0.2635803
16,PathLength,0.3102981
16,QueryLength,0.38114372
16,DoubleSlashInPath,4.3955355e-05
16,NumSensitiveWords,0.36043507
16,EmbeddedBrandName,0.02422125
16,PctExtHyperlinks,2.093315
16,PctExtResourceUrls,1.081761
16,ExtFavicon,0.39959124
16,InsecureForms,1.0031859
16,RelativeFormAction,0.15028171
16,ExtFormAction,0.048352942
16,AbnormalFormAction,0.036042407
16,PctNullSelfRedirectHyperlinks,1.2235911
16,FrequentDomainNameMismatch,0.96069944
16,FakeLinkInStatusBar,0.0024062148
16,RightClickDisabled,0.002123233
16,PopUpWindow,0.0010618333
16,SubmitInfoToEmail,0.35835323
16,IframeOrFrame,0.23843305
16,MissingTitle,0.098096006
16,ImagesOnlyInForm,0.039366208
16,SubdomainLevelRT,0.034195166
16,UrlLengthRT,0.00683272
16,PctExtResourceUrlsRT,0.12191637
16,AbnormalExtFormActionR,0.090254046
16,ExtMetaScriptLinkRT,0.3959117
16,PctExtNullSelfRedirectHyperlinksRT,1.394405
17,NumDots,0.72276646
17,SubdomainLevel,0.42643836
17,PathLevel,1.0081438
17,UrlLength,0.32895908
17,NumDash,0.860545
17,NumDashInHostname,0.31253818
17,AtSymbol,0.004259171
17,TildeSymbol,0.003426402
17,NumUnderscore,0.23758592
17,NumPercent,0.06976166
17,NumAmpersand,0.08653479
17,NumHash,3.4152203e-05
17,NumNumericChars,0.88198256
17,NoHttps,0.11269025
17,RandomString,0.07193028
17,IpAddress,0.019324059
17,DomainInSubdomains,0.025853198
17,DomainInPaths,0.04271016
17,HostnameLength,0.2635803
17,PathLength,0.3102981
17,QueryLength,0.38114372
17,DoubleSlashInPath,4.3955355e-05
17,NumSensitiveWords,0.36043507
17,EmbeddedBrandName,0.02422125
17,PctExtHyperlinks,2.093315
17,PctExtResourceUrls,1.081761
17,ExtFavicon,0.39959124
17,InsecureForms,1.0031859
17,RelativeFormAction,0.15028171
17,ExtFormAction,0.048352942
17,AbnormalFormAction,0.036042407
17,PctNullSelfRedirectHyperlinks,1.2235911
17,FrequentDomainNameMismatch,0.96069944
17,FakeLinkInStatusBar,0.0024062148
17,RightClickDisabled,0.002123233
17,PopUpWindow,0.0010618333
17,SubmitInfoToEmail,0.35835323
17,IframeOrFrame,0.23843305
17,MissingTitle,0.098096006
17,ImagesOnlyInForm,0.039366208
17,SubdomainLevelRT,0.034195166
17,UrlLengthRT,0.00683272
17,PctExtResourceUrlsRT,0.12191637
17,AbnormalExtFormActionR,0.090254046
17,ExtMetaScriptLinkRT,0.3959117
17,PctExtNullSelfRedirectHyperlinksRT,1.394405
18,NumDots,0.72276646
18,SubdomainLevel,0.42643836
18,PathLevel,1.0081438
18,UrlLength,0.32895908
18,NumDash,0.860545
18,NumDashInHostname,0.31253818
18,AtSymbol,0.004259171
18,TildeSymbol,0.003426402
18,NumUnderscore,0.23758592
18,NumPercent,0.06976166
18,NumAmpersand,0.08653479
18,NumHash,3.4152203e-05
18,NumNumericChars,0.88198256
18,NoHttps,0.11269025
18,RandomString,0.07193028
18,IpAddress,0.019324059
18,DomainInSubdomains,0.025853198
18,DomainInPaths,0.04271016
18,HostnameLength,0.2635803
18,PathLength,0.3102981
18,QueryLength,0.38114372
18,DoubleSlashInPath,4.3955355e-05
18,NumSensitiveWords,0.36043507
18,EmbeddedBrandName,0.02422125
18,PctExtHyperlinks,2.093315
18,PctExtResourceUrls,1.081761
18,ExtFavicon,0.39959124
18,InsecureForms,1.0031859
18,RelativeFormAction,0.15028171
18,ExtFormAction,0.048352942
18,AbnormalFormAction,0.036042407
18,PctNullSelfRedirectHyperlinks,1.2235911
18,FrequentDomainNameMismatch,0.96069944
18,FakeLinkInStatusBar,0.0024062148
18,RightClickDisabled,0.002123233
18,PopUpWindow,0.0010618333
18,SubmitInfoToEmail,0.35835323
18,IframeOrFrame,0.23843305
18,MissingTitle,0.098096006
18,ImagesOnlyInForm,0.039366208
18,SubdomainLevelRT,0.034195166
18,UrlLengthRT,0.00683272
18,PctExtResourceUrlsRT,0.12191637
18,AbnormalExtFormActionR,0.090254046
18,ExtMetaScriptLinkRT,0.3959117
18,PctExtNullSelfRedirectHyperlinksRT,1.394405
19,NumDots,0.72276646
19,SubdomainLevel,0.42643836
19,PathLevel,1.0081438
19,UrlLength,0.32895908
19,NumDash,0.860545
19,NumDashInHostname,0.31253818
19,AtSymbol,0.004259171
19,TildeSymbol,0.003426402
19,NumUnderscore,0.23758592
19,NumPercent,0.06976166
19,NumAmpersand,0.08653479
19,NumHash,3.4152203e-05
19,NumNumericChars,0.88198256
19,NoHttps,0.11269025
19,RandomString,0.07193028
19,IpAddress,0.019324059
19,DomainInSubdomains,0.025853198
19,DomainInPaths,0.04271016
19,HostnameLength,0.2635803
19,PathLength,0.3102981
19,QueryLength,0.38114372
19,DoubleSlashInPath,4.3955355e-05
19,NumSensitiveWords,0.36043507
19,EmbeddedBrandName,0.02422125
19,PctExtHyperlinks,2.093315
19,PctExtResourceUrls,1.081761
19,ExtFavicon,0.39959124
19,InsecureForms,1.0031859
19,RelativeFormAction,0.15028171
19,ExtFormAction,0.048352942
19,AbnormalFormAction,0.036042407
19,PctNullSelfRedirectHyperlinks,1.2235911
19,FrequentDomainNameMismatch,0.96069944
19,FakeLinkInStatusBar,0.0024062148
19,RightClickDisabled,0.002123233
19,PopUpWindow,0.0010618333
19,SubmitInfoToEmail,0.35835323
19,IframeOrFrame,0.23843305
19,MissingTitle,0.098096006
19,ImagesOnlyInForm,0.039366208
19,SubdomainLevelRT,0.034195166
19,UrlLengthRT,0.00683272
19,PctExtResourceUrlsRT,0.12191637
19,AbnormalExtFormActionR,0.090254046
19,ExtMetaScriptLinkRT,0.3959117
19,PctExtNullSelfRedirectHyperlinksRT,1.394405
20,NumDots,0.72276646
20,SubdomainLevel,0.42643836
20,PathLevel,1.0081438
20,UrlLength,0.32895908
20,NumDash,0.860545
20,NumDashInHostname,0.31253818
20,AtSymbol,0.004259171
20,TildeSymbol,0.003426402
20,NumUnderscore,0.23758592
20,NumPercent,0.06976166
20,NumAmpersand,0.08653479
20,NumHash,3.4152203e-05
20,NumNumericChars,0.88198256
20,NoHttps,0.11269025
20,RandomString,0.07193028
20,IpAddress,0.019324059
20,DomainInSubdomains,0.025853198
20,DomainInPaths,0.04271016
20,HostnameLength,0.2635803
20,PathLength,0.3102981
20,QueryLength,0.38114372
20,DoubleSlashInPath,4.3955355e-05
20,NumSensitiveWords,0.36043507
20,EmbeddedBrandName,0.02422125
20,PctExtHyperlinks,2.093315
20,PctExtResourceUrls,1.081761
20,ExtFavicon,0.39959124
20,InsecureForms,1.0031859
20,RelativeFormAction,0.15028171
20,ExtFormAction,0.048352942
20,AbnormalFormAction,0.036042407
20,PctNullSelfRedirectHyperlinks,1.2235911
20,FrequentDomainNameMismatch,0.96069944
20,FakeLinkInStatusBar,0.0024062148
20,RightClickDisabled,0.002123233
20,PopUpWindow,0.0010618333
20,SubmitInfoToEmail,0.35835323
20,IframeOrFrame,0.23843305
20,MissingTitle,0.098096006
20,ImagesOnlyInForm,0.039366208
20,SubdomainLevelRT,0.034195166
20,UrlLengthRT,0.00683272
20,PctExtResourceUrlsRT,0.12191637
20,AbnormalExtFormActionR,0.090254046
20,ExtMetaScriptLinkRT,0.3959117
20,PctExtNullSelfRedirectHyperlinksRT,1.394405
21,NumDots,0.72276646
21,SubdomainLevel,0.42643836
21,PathLevel,1.0081438
21,UrlLength,0.32895908
21,NumDash,0.860545
21,NumDashInHostname,0.31253818
21,AtSymbol,0.004259171
21,TildeSymbol,0.003426402
21,NumUnderscore,0.23758592
21,NumPercent,0.06976166
21,NumAmpersand,0.08653479
21,NumHash,3.4152203e-05
21,NumNumericChars,0.88198256
21,NoHttps,0.11269025
21,RandomString,0.07193028
21,IpAddress,0.019324059
21,DomainInSubdomains,0.025853198
21,DomainInPaths,0.04271016
21,HostnameLength,0.2635803
21,PathLength,0.3102981
21,QueryLength,0.38114372
21,DoubleSlashInPath,4.3955355e-05
21,NumSensitiveWords,0.36043507
21,EmbeddedBrandName,0.02422125
21,PctExtHyperlinks,2.093315
21,PctExtResourceUrls,1.081761
21,ExtFavicon,0.39959124
21,InsecureForms,1.0031859
21,RelativeFormAction,0.15028171
21,ExtFormAction,0.048352942
21,AbnormalFormAction,0.036042407
21,PctNullSelfRedirectHyperlinks,1.2235911
21,FrequentDomainNameMismatch,0.96069944
21,FakeLinkInStatusBar,0.0024062148
21,RightClickDisabled,0.002123233
21,PopUpWindow,0.0010618333
21,SubmitInfoToEmail,0.35835323
21,IframeOrFrame,0.23843305
21,MissingTitle,0.098096006
21,ImagesOnlyInForm,0.039366208
21,SubdomainLevelRT,0.034195166
21,UrlLengthRT,0.00683272
21,PctExtResourceUrlsRT,0.12191637
21,AbnormalExtFormActionR,0.090254046
21,ExtMetaScriptLinkRT,0.3959117
21,PctExtNullSelfRedirectHyperlinksRT,1.394405
22,NumDots,0.72276646
22,SubdomainLevel,0.42643836
22,PathLevel,1.0081438
22,UrlLength,0.32895908
22,NumDash,0.860545
22,NumDashInHostname,0.31253818
22,AtSymbol,0.004259171
22,TildeSymbol,0.003426402
22,NumUnderscore,0.23758592
22,NumPercent,0.06976166
22,NumAmpersand,0.08653479
22,NumHash,3.4152203e-05
22,NumNumericChars,0.88198256
22,NoHttps,0.11269025
22,RandomString,0.07193028
22,IpAddress,0.019324059
22,DomainInSubdomains,0.025853198
22,DomainInPaths,0.04271016
22,HostnameLength,0.2635803
22,PathLength,0.3102981
22,QueryLength,0.38114372
22,DoubleSlashInPath,4.3955355e-05
22,NumSensitiveWords,0.36043507
22,EmbeddedBrandName,0.02422125
22,PctExtHyperlinks,2.093315
22,PctExtResourceUrls,1.081761
22,ExtFavicon,0.39959124
22,InsecureForms,1.0031859
22,RelativeFormAction,0.15028171
22,ExtFormAction,0.048352942
22,AbnormalFormAction,0.036042407
22,PctNullSelfRedirectHyperlinks,1.2235911
22,FrequentDomainNameMismatch,0.96069944
22,FakeLinkInStatusBar,0.0024062148
22,RightClickDisabled,0.002123233
22,PopUpWindow,0.0010618333
22,SubmitInfoToEmail,0.35835323
22,IframeOrFrame,0.23843305
22,MissingTitle,0.098096006
22,ImagesOnlyInForm,0.039366208
22,SubdomainLevelRT,0.034195166
22,UrlLengthRT,0.00683272
22,PctExtResourceUrlsRT,0.12191637
22,AbnormalExtFormActionR,0.090254046
22,ExtMetaScriptLinkRT,0.3959117
22,PctExtNullSelfRedirectHyperlinksRT,1.394405
23,NumDots,0.72276646
23,SubdomainLevel,0.42643836
23,PathLevel,1.0081438
23,UrlLength,0.32895908
23,NumDash,0.860545
23,NumDashInHostname,0.31253818
23,AtSymbol,0.004259171
23,TildeSymbol,0.003426402
23,NumUnderscore,0.23758592
23,NumPercent,0.06976166
23,NumAmpersand,0.08653479
23,NumHash,3.4152203e-05
23,NumNumericChars,0.88198256
23,NoHttps,0.11269025
23,RandomString,0.07193028
23,IpAddress,0.019324059
23,DomainInSubdomains,0.025853198
23,DomainInPaths,0.04271016
23,HostnameLength,0.2635803
23,PathLength,0.3102981
23,QueryLength,0.38114372
23,DoubleSlashInPath,4.3955355e-05
23,NumSensitiveWords,0.36043507
23,EmbeddedBrandName,0.02422125
23,PctExtHyperlinks,2.093315
23,PctExtResourceUrls,1.081761
23,ExtFavicon,0.39959124
23,InsecureForms,1.0031859
23,RelativeFormAction,0.15028171
23,ExtFormAction,0.048352942
23,AbnormalFormAction,0.036042407
23,PctNullSelfRedirectHyperlinks,1.2235911
23,FrequentDomainNameMismatch,0.96069944
23,FakeLinkInStatusBar,0.0024062148
23,RightClickDisabled,0.002123233
23,PopUpWindow,0.0010618333
23,SubmitInfoToEmail,0.35835323
23,IframeOrFrame,0.23843305
23,MissingTitle,0.098096006
23,ImagesOnlyInForm,0.039366208
23,SubdomainLevelRT,0.034195166
23,UrlLengthRT,0.00683272
23,PctExtResourceUrlsRT,0.12191637
23,AbnormalExtFormActionR,0.090254046
23,ExtMetaScriptLinkRT,0.3959117
23,PctExtNullSelfRedirectHyperlinksRT,1.394405
24,NumDots,0.72276646
24,SubdomainLevel,0.42643836
24,PathLevel,1.0081438
24,UrlLength,0.32895908
24,NumDash,0.860545
24,NumDashInHostname,0.31253818
24,AtSymbol,0.004259171
24,TildeSymbol,0.003426402
24,NumUnderscore,0.23758592
24,NumPercent,0.06976166
24,NumAmpersand,0.08653479
24,NumHash,3.4152203e-05
24,NumNumericChars,0.88198256
24,NoHttps,0.11269025
24,RandomString,0.07193028
24,IpAddress,0.019324059
24,DomainInSubdomains,0.025853198
24,DomainInPaths,0.04271016
24,HostnameLength,0.2635803
24,PathLength,0.3102981
24,QueryLength,0.38114372
24,DoubleSlashInPath,4.3955355e-05
24,NumSensitiveWords,0.36043507
24,EmbeddedBrandName,0.02422125
24,PctExtHyperlinks,2.093315
24,PctExtResourceUrls,1.081761
24,ExtFavicon,0.39959124
24,InsecureForms,1.0031859
24,RelativeFormAction,0.15028171
24,ExtFormAction,0.048352942
24,AbnormalFormAction,0.036042407
24,PctNullSelfRedirectHyperlinks,1.2235911
24,FrequentDomainNameMismatch,0.96069944
24,FakeLinkInStatusBar,0.0024062148
24,RightClickDisabled,0.002123233
24,PopUpWindow,0.0010618333
24,SubmitInfoToEmail,0.35835323
24,IframeOrFrame,0.23843305
24,MissingTitle,0.098096006
24,ImagesOnlyInForm,0.039366208
24,SubdomainLevelRT,0.034195166
24,UrlLengthRT,0.00683272
24,PctExtResourceUrlsRT,0.12191637
24,AbnormalExtFormActionR,0.090254046
24,ExtMetaScriptLinkRT,0.3959117
24,PctExtNullSelfRedirectHyperlinksRT,1.394405
25,NumDots,0.72276646
25,SubdomainLevel,0.42643836
25,PathLevel,1.0081438
25,UrlLength,0.32895908
25,NumDash,0.860545
25,NumDashInHostname,0.31253818
25,AtSymbol,0.004259171
25,TildeSymbol,0.003426402
25,NumUnderscore,0.23758592
25,NumPercent,0.06976166
25,NumAmpersand,0.08653479
25,NumHash,3.4152203e-05
25,NumNumericChars,0.88198256
25,NoHttps,0.11269025
25,RandomString,0.07193028
25,IpAddress,0.019324059
25,DomainInSubdomains,0.025853198
25,DomainInPaths,0.04271016
25,HostnameLength,0.2635803
25,PathLength,0.3102981
25,QueryLength,0.38114372
25,DoubleSlashInPath,4.3955355e-05
25,NumSensitiveWords,0.36043507
25,EmbeddedBrandName,0.02422125
25,PctExtHyperlinks,2.093315
25,PctExtResourceUrls,1.081761
25,ExtFavicon,0.39959124
25,InsecureForms,1.0031859
25,RelativeFormAction,0.15028171
25,ExtFormAction,0.048352942
25,AbnormalFormAction,0.036042407
25,PctNullSelfRedirectHyperlinks,1.2235911
25,FrequentDomainNameMismatch,0.96069944
25,FakeLinkInStatusBar,0.0024062148
25,RightClickDisabled,0.002123233
25,PopUpWindow,0.0010618333
25,SubmitInfoToEmail,0.35835323
25,IframeOrFrame,0.23843305
25,MissingTitle,0.098096006
25,ImagesOnlyInForm,0.039366208
25,SubdomainLevelRT,0.034195166
25,UrlLengthRT,0.00683272
25,PctExtResourceUrlsRT,0.12191637
25,AbnormalExtFormActionR,0.090254046
25,ExtMetaScriptLinkRT,0.3959117
25,PctExtNullSelfRedirectHyperlinksRT,1.394405
26,NumDots,0.72276646
26,SubdomainLevel,0.42643836
26,PathLevel,1.0081438
26,UrlLength,0.32895908
26,NumDash,0.860545
26,NumDashInHostname,0.31253818
26,AtSymbol,0.004259171
26,TildeSymbol,0.003426402
26,NumUnderscore,0.23758592
26,NumPercent,0.06976166
26,NumAmpersand,0.08653479
26,NumHash,3.4152203e-05
26,NumNumericChars,0.88198256
26,NoHttps,0.11269025
26,RandomString,0.07193028
26,IpAddress,0.019324059
26,DomainInSubdomains,0.025853198
26,DomainInPaths,0.04271016
26,HostnameLength,0.2635803
26,PathLength,0.3102981
26,QueryLength,0.38114372
26,DoubleSlashInPath,4.3955355e-05
26,NumSensitiveWords,0.36043507
26,EmbeddedBrandName,0.02422125
26,PctExtHyperlinks,2.093315
26,PctExtResourceUrls,1.081761
26,ExtFavicon,0.39959124
26,InsecureForms,1.0031859
26,RelativeFormAction,0.15028171
26,ExtFormAction,0.048352942
26,AbnormalFormAction,0.036042407
26,PctNullSelfRedirectHyperlinks,1.2235911
26,FrequentDomainNameMismatch,0.96069944
26,FakeLinkInStatusBar,0.0024062148
26,RightClickDisabled,0.002123233
26,PopUpWindow,0.0010618333
26,SubmitInfoToEmail,0.35835323
26,IframeOrFrame,0.23843305
26,MissingTitle,0.098096006
26,ImagesOnlyInForm,0.039366208
26,SubdomainLevelRT,0.034195166
26,UrlLengthRT,0.00683272
26,PctExtResourceUrlsRT,0.12191637
26,AbnormalExtFormActionR,0.090254046
26,ExtMetaScriptLinkRT,0.3959117
26,PctExtNullSelfRedirectHyperlinksRT,1.394405
27,NumDots,0.72276646
27,SubdomainLevel,0.42643836
27,PathLevel,1.0081438
27,UrlLength,0.32895908
27,NumDash,0.860545
27,NumDashInHostname,0.31253818
27,AtSymbol,0.004259171
27,TildeSymbol,0.003426402
27,NumUnderscore,0.23758592
27,NumPercent,0.06976166
27,NumAmpersand,0.08653479
27,NumHash,3.4152203e-05
27,NumNumericChars,0.88198256
27,NoHttps,0.11269025
27,RandomString,0.07193028
27,IpAddress,0.019324059
27,DomainInSubdomains,0.025853198
27,DomainInPaths,0.04271016
27,HostnameLength,0.2635803
27,PathLength,0.3102981
27,QueryLength,0.38114372
27,DoubleSlashInPath,4.3955355e-05
27,NumSensitiveWords,0.36043507
27,EmbeddedBrandName,0.02422125
27,PctExtHyperlinks,2.093315
27,PctExtResourceUrls,1.081761
27,ExtFavicon,0.39959124
27,InsecureForms,1.0031859
27,RelativeFormAction,0.15028171
27,ExtFormAction,0.048352942
27,AbnormalFormAction,0.036042407
27,PctNullSelfRedirectHyperlinks,1.2235911
27,FrequentDomainNameMismatch,0.96069944
27,FakeLinkInStatusBar,0.0024062148
27,RightClickDisabled,0.002123233
27,PopUpWindow,0.0010618333
27,SubmitInfoToEmail,0.35835323
27,IframeOrFrame,0.23843305
27,MissingTitle,0.098096006
27,ImagesOnlyInForm,0.039366208
27,SubdomainLevelRT,0.034195166
27,UrlLengthRT,0.00683272
27,PctExtResourceUrlsRT,0.12191637
27,AbnormalExtFormActionR,0.090254046
27,ExtMetaScriptLinkRT,0.3959117
27,PctExtNullSelfRedirectHyperlinksRT,1.394405
28,NumDots,0.72276646
28,SubdomainLevel,0.42643836
28,PathLevel,1.0081438
28,UrlLength,0.32895908
28,NumDash,0.860545
28,NumDashInHostname,0.31253818
28,AtSymbol,0.004259171
28,TildeSymbol,0.003426402
28,NumUnderscore,0.23758592
28,NumPercent,0.06976166
28,NumAmpersand,0.08653479
28,NumHash,3.4152203e-05
28,NumNumericChars,0.88198256
28,NoHttps,0.11269025
28,RandomString,0.07193028
28,IpAddress,0.019324059
28,DomainInSubdomains,0.025853198
28,DomainInPaths,0.04271016
28,HostnameLength,0.2635803
28,PathLength,0.3102981
28,QueryLength,0.38114372
28,DoubleSlashInPath,4.3955355e-05
28,NumSensitiveWords,0.36043507
28,EmbeddedBrandName,0.02422125
28,PctExtHyperlinks,2.093315
28,PctExtResourceUrls,1.081761
28,ExtFavicon,0.39959124
28,InsecureForms,1.0031859
28,RelativeFormAction,0.15028171
28,ExtFormAction,0.048352942
28,AbnormalFormAction,0.036042407
28,PctNullSelfRedirectHyperlinks,1.2235911
28,FrequentDomainNameMismatch,0.96069944
28,FakeLinkInStatusBar,0.0024062148
28,RightClickDisabled,0.002123233
28,PopUpWindow,0.0010618333
28,SubmitInfoToEmail,0.35835323
28,IframeOrFrame,0.23843305
28,MissingTitle,0.098096006
28,ImagesOnlyInForm,0.039366208
28,SubdomainLevelRT,0.034195166
28,UrlLengthRT,0.00683272
28,PctExtResourceUrlsRT,0.12191637
28,AbnormalExtFormActionR,0.090254046
28,ExtMetaScriptLinkRT,0.3959117
28,PctExtNullSelfRedirectHyperlinksRT,1.394405
29,NumDots,0.72276646
29,SubdomainLevel,0.42643836
29,PathLevel,1.0081438
29,UrlLength,0.32895908
29,NumDash,0.860545
29,NumDashInHostname,0.31253818
29,AtSymbol,0.004259171
29,TildeSymbol,0.003426402
29,NumUnderscore,0.23758592
29,NumPercent,0.06976166
29,NumAmpersand,0.08653479
29,NumHash,3.4152203e-05
29,NumNumericChars,0.88198256
29,NoHttps,0.11269025
29,RandomString,0.07193028
29,IpAddress,0.019324059
29,DomainInSubdomains,0.025853198
29,DomainInPaths,0.04271016
29,HostnameLength,0.2635803
29,PathLength,0.3102981
29,QueryLength,0.38114372
29,DoubleSlashInPath,4.3955355e-05
29,NumSensitiveWords,0.36043507
29,EmbeddedBrandName,0.02422125
29,PctExtHyperlinks,2.093315
29,PctExtResourceUrls,1.081761
29,ExtFavicon,0.39959124
29,InsecureForms,1.0031859
29,RelativeFormAction,0.15028171
29,ExtFormAction,0.048352942
29,AbnormalFormAction,0.036042407
29,PctNullSelfRedirectHyperlinks,1.2235911
29,FrequentDomainNameMismatch,0.96069944
29,FakeLinkInStatusBar,0.0024062148
29,RightClickDisabled,0.002123233
29,PopUpWindow,0.0010618333
29,SubmitInfoToEmail,0.35835323
29,IframeOrFrame,0.23843305
29,MissingTitle,0.098096006
29,ImagesOnlyInForm,0.039366208
29,SubdomainLevelRT,0.034195166
29,UrlLengthRT,0.00683272
29,PctExtResourceUrlsRT,0.12191637
29,AbnormalExtFormActionR,0.090254046
29,ExtMetaScriptLinkRT,0.3959117
29,PctExtNullSelfRedirectHyperlinksRT,1.394405
